Date,Name,Year,Letterboxd URI
2023-02-26,Fight Club,1999,https://boxd.it/2a9q
2023-02-26,Pulp Fiction,1994,https://boxd.it/29Pq
2023-02-26,The Dark Knight,2008,https://boxd.it/2b0k
2023-02-26,The Grand Budapest Hotel,2014,https://boxd.it/3ZqO
2023-02-26,Once Upon a Time... in Hollywood,2019,https://boxd.it/gH0O
2023-02-26,American Psycho,2000,https://boxd.it/28Vs
2023-02-26,Spirited Away,2001,https://boxd.it/2b4m
2023-02-26,Django Unchained,2012,https://boxd.it/2cCk
2023-02-26,The Godfather,1972,https://boxd.it/2aNK
2023-02-26,Taxi Driver,1976,https://boxd.it/2b8y
2023-02-26,Blade Runner 2049,2017,https://boxd.it/b8wK
2023-02-26,The Lord of the Rings: The Fellowship of the Ring,2001,https://boxd.it/2b5O
2023-02-26,Drive,2011,https://boxd.it/IG
2023-02-26,GoodFellas,1990,https://boxd.it/29FA
2023-02-26,A Clockwork Orange,1971,https://boxd.it/2aVE
2023-07-22,Harakiri,1962,https://boxd.it/1NTU
2023-07-22,Come and See,1985,https://boxd.it/1w9q
2023-07-22,12 Angry Men,1957,https://boxd.it/2auI
2023-07-22,Seven Samurai,1954,https://boxd.it/2axi
2024-03-13,Oldboy,2003,https://boxd.it/29R2
2024-04-09,Monkey Man,2024,https://boxd.it/kvsO
2024-10-14,The Substance,2024,https://boxd.it/zanS
2025-06-29,Inglourious Basterds,2009,https://boxd.it/1JzG
2025-06-29,Moonlight,2016,https://boxd.it/d6bE
2025-06-29,Incendies,2010,https://boxd.it/Msm
2025-07-04,Cure,1997,https://boxd.it/1blA
2025-07-04,Heat,1995,https://boxd.it/2bg8
2025-07-29,Donnie Darko,2001,https://boxd.it/2b2A
2025-07-29,Good Will Hunting,1997,https://boxd.it/2ahY
2025-07-29,Sinners,2025,https://boxd.it/KQMM
2025-07-29,"tick, tick... BOOM!",2021,https://boxd.it/jz2e
2025-09-28,The Long Walk,2025,https://boxd.it/mic8
2025-09-28,The Roses,2025,https://boxd.it/MjnI
2025-09-28,The Secret Life of Walter Mitty,2013,https://boxd.it/3SWy
2025-10-01,Sound of Metal,2019,https://boxd.it/i7Q4
2025-10-01,We Live in Time,2024,https://boxd.it/FC5u
2025-10-03,The Usual Suspects,1995,https://boxd.it/29XE
2025-10-03,Requiem for a Dream,2000,https://boxd.it/29VI
2025-10-03,High and Low,1963,https://boxd.it/1RSc
2025-10-03,City of God,2002,https://boxd.it/2a2a
2025-10-03,Schindler's List,1993,https://boxd.it/2aq2
2025-10-03,La Haine,1995,https://boxd.it/2as8
2025-10-03,"The Good, the Bad and the Ugly",1966,https://boxd.it/2ape
2025-10-03,A Fistful of Dollars,1964,https://boxd.it/2auo
2025-10-03,For a Few Dollars More,1965,https://boxd.it/29eu
2025-10-04,A Few Good Men,1992,https://boxd.it/29nw
2025-10-04,The Invasion,2007,https://boxd.it/23Ku
